{
  "usingComponents": {
    "tabbar": "../../component/tabbar/tabbar",
    "searchtag": "../../component/searchtag/searchtag",
    "contentcard": "../../component/contentcard/contentcard",
    "classified":"../../component/classified/classified",
    "userprofile":"../../component/userprofile/userprofile",
    "msgbox":"../../component/msgbox/msgbox",
    "bottomtip": "../../component/bottomtip/bottomtip",
    "searchpicker": "../../component/searchpicker/searchpicker",
    "tipbox":"../../component/tipbox/tipbox",
        "infobox": "../../component/infobox/infobox"
  },
  "enablePullDownRefresh": true,
  "backgroundColorTop": "#8DDAD5",
  "backgroundColorBottom": "#FCFAFA",
  "navigationBarBackgroundColor":"#8DDAD5",
  "navigationBarTitleText":"新鲜事",
  "backgroundTextStyle":"dark",
  "onReachBottomDistance":0
}
