{
  "usingComponents": {
    "tabbar": "../../component/tabbar/tabbar",
    "searchtag": "../../component/searchtag/searchtag",
    "contentcard": "../../component/contentcard/contentcard",
    "classified": "../../component/classified/classified",
    "userprofile": "../../component/userprofile/userprofile",
    "msgbox": "../../component/msgbox/msgbox"
  },
  "backgroundColorTop": "#8DDAD5",
  "backgroundColorBottom": "#FCFAFA",
  "navigationBarBackgroundColor": "#8DDAD5",
  "navigationBarTitleText": "发布消息"
}